fname,lname,uid,phone,address
sxz,owg,1,393-631-4811,pedhupzxpz
uxu,jxw,2,053-271-2548,t8sisgtefn
wnh,hje,3,783-587-8412,axwdgogrxx
ivh,xfc,4,411-569-2075,vhibaww9d3
vxl,lhw,5,871-120-7356,iaqwb8ixit
ltw,fgt,6,429-505-3454,pbok3nj0zt
fmn,jvp,7,017-205-6186,cxur5a1z9i
goj,qzv,8,794-151-9156,s1l5jizgx2
ebq,fpj,9,004-564-0658,fzhknv23wk
mwo,gea,10,222-870-9843,2jxh1n6qeb
rtf,tkf,11,839-822-0188,xm 89xybow
gfs,vlc,12,374-604-8457,asni3 140l
dis,uei,13,927-455-8175,zlp2lyfkpu
odr,ofn,14,679-338-7048,554raopcky
uae,luw,15,051-883-9898,2x3czfyj8l
kfo,ocf,16,064-696-5720,8cmyh62hex
msd,hci,17,645-883-7167,3ttozvb0z8
ypc,vwl,18,654-654-6255,fdjrbg2j70
uaw,nfu,19,255-805-4374,4so2nwj1t3
eot,rdk,20,452-951-7082,cpmxt019sw
apz,hji,21,453-368-6376,q128ek26nu
lmw,wja,22,068-666-0637,h9f5choixf
lpa,ccr,23,072-290-5121,9tfe2eadkc
qwx,ovq,24,308-671-6645,jpc hq9kph
pds,jyk,25,361-907-2770,yyupfqg5f8
kfv,fns,26,467-346-3912,3l45fwrlpz
ihs,jyr,27,811-181-0733,rscw1fgd3v
gmq,myu,28,796-035-5795,wej1d38ze5
mfg,byt,29,511-878-6030,44rfi4xmqp
szw,apq,30,157-239-9857,uqp3qkfv62
yux,ryh,31,508-997-3253,jzgbmeyeg4
pbu,lgz,32,899-298-7871,kiqv9333xy
dnh,ghy,33,026-692-8278,zlkco942o1
xly,lqp,34,106-928-5958,u0955jgndv
qez,epl,35,395-769-7963,tvixob 9nh
yfy,kbv,36,039-172-8774,0egsftva6x
req,iqv,37,558-367-5029,1wphfxl64b
kae,ayb,38,472-100-8452,8no420r84r
wli,eps,39,686-649-6042,xp 1oi093l
uze,unh,40,660-854-5599,sxd9c4g01w
qkj,wfm,41,067-833-5674,fg24h2dn8i
cwk,elu,42,580-467-7952,xmiedvb3cr
wtv,tjw,43,002-942-0431,qdrrv293og
zch,bat,44,723-132-9486,rivm8xw31k
cjx,bre,45,175-769-1747,de4pxrsaja
jir,bdo,46,827-790-4510,jxfbb12f65
nra,dhg,47,359-812-6162,nptxvzfa7w
ijy,zca,48,411-225-2306,wktn8ck4ti
uxj,qvo,49,999-384-2889,b5j4 9g7uc
ddh,aql,50,977-152-6031,d325mdzans
oqw,fyx,51,485-119-3533,ttoa9dzaep
jwf,gzq,52,516-348-6862,6buto7i4dj
xie,amr,53,079-523-4701,2pwbypsdus
ygt,pgb,54,726-058-3471,s5oyq9ml43
kex,ihh,55,355-066-6701,m5u9o3d641
oul,knk,56,860-817-8784,wk246ufa09
jle,ipv,57,077-243-6743,ymu3w8j3s 
bir,rxe,58,277-706-3988,otiv31hgh8
enn,org,59,006-352-8551,usisny1re9
hmg,wnx,60,342-057-2379,qbltm3 7hs
fab,fys,61,536-988-4709,ssejd80664
luj,icf,62,384-763-0333,paxon3536o
xys,adt,63,308-228-3398,ohrebmxz3v
urz,fwo,64,517-070-6291,x nvt2ey0q
emk,mhw,65,307-270-1955,pyezm0ca7m
bwi,uok,66,667-640-2309,z7asbwm9vh
hrh,iez,67,812-617-4517,ok9st 8cx6
lex,ygg,68,300-152-3669,twp06143bn
ziz,bfa,69,035-485-3279,1y8z9io3xl
hxi,bcu,70,572-059-7296,hu296amfu5
vat,mxp,71,278-404-3107,r1y9377qz 
hgc,fzb,72,265-429-4607,deebqpwh11
ida,shc,73,553-359-8872,pfvzyy0mky
gmt,hox,74,319-759-1560,a6ks4tqidy
rgp,slv,75,765-393-9186,tyea2mxvar
hlt,rnp,76,920-338-6067,i4k5hnez0l
yfj,xan,77,200-950-1676,beh323qhza
feg,fus,78,630-866-2892,sq9y9wzhm8
dns,myb,79,467-750-1570,gn112g z2o
oab,ayc,80,870-189-5425,cju45x03fj
wcs,mbt,81,434-532-4736,ik31t1r6pe
tsp,wbi,82,144-005-3321,fx38aoypng
qzq,bsl,83,387-296-4693,18cd7v84ih
fot,xdm,84,373-203-6358,a7o9zg61ym
fya,dfu,85,445-004-5820,9chx2176by
tlo,mzf,86,326-565-8491,ot3itb4my4
mym,nnj,87,413-347-0437,dvnl7ydodh
ttn,rss,88,426-718-4669,rs3kb7jqbl
cfl,blx,89,171-395-4803,rt2hjf32w0
tjz,bjx,90,805-417-3252,bu1mv4nuh9
qfo,rmg,91,873-480-1294,fwazv158qt
cqn,jcb,92,521-401-6853,ybvnnbwykt
cwc,atn,93,538-962-8037,8amkuet1z 
lxz,zvl,94,039-159-0868,y9v mcse4k
tzn,xce,95,251-295-2784,f47ajlizgd
sly,fik,96,486-650-8219,uve61rw br
yfv,scy,97,741-043-8710,mrkp2ys9hp
bha,nzo,98,613-532-2977,3zv1ap97xp
lbr,vaf,99,467-965-4349,1x 9drlz 6
zex,fla,100,438-343-4697,sf7i9ly3jl
